{"stats":{"minecraft:custom":{"minecraft:jump":37,"minecraft:time_since_rest":9528,"minecraft:damage_dealt":246,"minecraft:leave_game":3,"minecraft:play_time":9528,"minecraft:sprint_one_cm":19177,"minecraft:time_since_death":9528,"minecraft:walk_one_cm":8390,"minecraft:total_world_time":12351,"minecraft:mob_kills":3,"minecraft:talked_to_villager":1,"minecraft:drop":1,"minecraft:fly_one_cm":27172},"minecraft:killed":{"minecraft:slime":2},"minecraft:picked_up":{"minecraft:iron_ingot":1,"minecraft:slime_ball":31},"minecraft:dropped":{"minecraft:iron_ingot":1}},"DataVersion":3465}