{"stats":{"minecraft:used":{"minecraft:golden_sword":52},"minecraft:killed":{"minecraft:sheep":3,"minecraft:slime":38},"minecraft:custom":{"minecraft:jump":29,"minecraft:time_since_rest":8393,"minecraft:leave_game":1,"minecraft:damage_dealt":1297,"minecraft:sprint_one_cm":20584,"minecraft:play_time":8393,"minecraft:time_since_death":8393,"minecraft:walk_one_cm":10629,"minecraft:sneak_time":9,"minecraft:total_world_time":8412,"minecraft:mob_kills":41,"minecraft:fly_one_cm":16992},"minecraft:picked_up":{"minecraft:gray_wool":1,"minecraft:slime_ball":27,"minecraft:mutton":3,"minecraft:white_wool":1}},"DataVersion":3465}